id,name,age,gender,city
1,John,25,Male,New York
2,Anna,30,Female,London
3,Mike,22,Male,Sydney
4,Linda,27,Female,Melbourne
5,Paul,35,Male,Toronto
6,Daisy,28,Female,Paris
7,Tom,40,Male,Berlin
8,Hoa,24,Female,Hanoi
9,Nam,29,Male,Ho Chi Minh City
10,Lan,26,Female,Danang
11,Minh,32,Male,Hue
12,Hang,23,Female,Can Tho
13,Tuan,31,Male,Bangkok
14,Thao,27,Female,Singapore
76,Thanh,28,Female,Hue
77,Minh,26,Male,Hanoi
78,Thuy,30,Female,Ho Chi Minh City
79,Son,25,Male,Da Nang
80,Hoang,29,Male,Nha Trang
81,Quyen,27,Female,Quang Nam
82,Loan,24,Female,Binh Thuan
83,Duc,31,Male,Hai Phong
84,Loc,32,Male,Can Tho
85,Vy,28,Female,Vinh
86,Kien,30,Male,Tam Ky
87,Trang,23,Female,Hai Duong
88,Nhung,29,Female,Saigon
89,Toan,34,Male,Rach Gia
90,Hai,33,Male,Buon Ma Thuot
15,Binh,33,Male,Kuala Lumpur